Position,Human Cys,Mouse Cys,Distance,Combination
47.0,A,S,5.59,
48.0,Y,F,3.88,
52.0,A,T,5.2,
54.0,Q,T,10.0,
99.0,C,R,9.5,
144.0,Q,H,11.6,
177.0,Q,H,11.51,
,"A, Y","S, F","5.59, 3.88","47, 48"
,"A, A","S, T","5.59, 5.2","47, 52"
,"A, Q","S, T","5.59, 10.0","47, 54"
,"A, C","S, R","5.59, 9.5","47, 99"
,"Y, A","F, T","3.88, 5.2","48, 52"
,"Y, Q","F, T","3.88, 10.0","48, 54"
,"Y, C","F, R","3.88, 9.5","48, 99"
,"A, Q","T, T","5.2, 10.0","52, 54"
,"A, C","T, R","5.2, 9.5","52, 99"
,"Q, C","T, R","10.0, 9.5","54, 99"
,"A, Y, A","S, F, T","5.59, 3.88, 5.2","47, 48, 52"
,"A, Y, Q","S, F, T","5.59, 3.88, 10.0","47, 48, 54"
,"A, Y, C","S, F, R","5.59, 3.88, 9.5","47, 48, 99"
,"A, A, Q","S, T, T","5.59, 5.2, 10.0","47, 52, 54"
,"A, A, C","S, T, R","5.59, 5.2, 9.5","47, 52, 99"
,"A, Q, C","S, T, R","5.59, 10.0, 9.5","47, 54, 99"
,"Y, A, Q","F, T, T","3.88, 5.2, 10.0","48, 52, 54"
,"Y, A, C","F, T, R","3.88, 5.2, 9.5","48, 52, 99"
,"Y, Q, C","F, T, R","3.88, 10.0, 9.5","48, 54, 99"
,"A, Q, C","T, T, R","5.2, 10.0, 9.5","52, 54, 99"
,"A, Y, A, Q","S, F, T, T","5.59, 3.88, 5.2, 10.0","47, 48, 52, 54"
,"A, Y, A, C","S, F, T, R","5.59, 3.88, 5.2, 9.5","47, 48, 52, 99"
,"A, Y, Q, C","S, F, T, R","5.59, 3.88, 10.0, 9.5","47, 48, 54, 99"
,"A, A, Q, C","S, T, T, R","5.59, 5.2, 10.0, 9.5","47, 52, 54, 99"
,"Y, A, Q, C","F, T, T, R","3.88, 5.2, 10.0, 9.5","48, 52, 54, 99"
,"A, Y, A, Q, C","S, F, T, T, R","5.59, 3.88, 5.2, 10.0, 9.5","47, 48, 52, 54, 99"
