Position,Human Cys,Mouse Cys,Distance
3,N,K,21.63
4,R,S,19.64
16,I,V,27.12
22,L,N,22.91
24,L,I,18.69
25,N,D,20.7
27,E,G,24.28
29,Y,F,26.66
30,I,V,26.67
31,Q,N,28.12
33,K,Q,30.54
35,F,Y,28.03
40,V,I,23.17
47,A,S,5.59
48,Y,F,3.88
52,A,T,5.2
54,Q,T,10.0
60,A,T,19.05
67,N,P,30.74
69,G,N,27.97
71,I,T,23.11
74,A,G,14.29
87,T,K,16.44
99,C,R,9.5
102,S,G,16.77
104,F,Y,16.1
107,S,N,19.8
119,E,D,23.3
120,K,N,22.14
126,T,S,23.16
137,D,E,21.6
139,L,F,16.28
142,S,P,16.44
143,S,E,15.29
144,Q,H,11.6
148,E,D,20.84
173,H,R,20.19
177,Q,H,11.51
178,A,T,14.81
181,S,R,19.54
182,T,I,20.11
184,K,Q,21.9
188,L,M,27.64
192,K,N,33.41
194,F,T,34.61
195,N,S,35.43
