Combination,Human Cys,Mouse Cys,Distance
"47, 48","A, Y","S, F","5.59, 3.88"
"47, 52","A, A","S, T","5.59, 5.2"
"47, 54","A, Q","S, T","5.59, 10.0"
"47, 99","A, C","S, R","5.59, 9.5"
"47, 144","A, Q","S, H","5.59, 11.6"
"47, 177","A, Q","S, H","5.59, 11.51"
"48, 52","Y, A","F, T","3.88, 5.2"
"48, 54","Y, Q","F, T","3.88, 10.0"
"48, 99","Y, C","F, R","3.88, 9.5"
"48, 144","Y, Q","F, H","3.88, 11.6"
"48, 177","Y, Q","F, H","3.88, 11.51"
"52, 54","A, Q","T, T","5.2, 10.0"
"52, 99","A, C","T, R","5.2, 9.5"
"52, 144","A, Q","T, H","5.2, 11.6"
"52, 177","A, Q","T, H","5.2, 11.51"
"54, 99","Q, C","T, R","10.0, 9.5"
"54, 144","Q, Q","T, H","10.0, 11.6"
"54, 177","Q, Q","T, H","10.0, 11.51"
"99, 144","C, Q","R, H","9.5, 11.6"
"99, 177","C, Q","R, H","9.5, 11.51"
"144, 177","Q, Q","H, H","11.6, 11.51"
"47, 48, 52","A, Y, A","S, F, T","5.59, 3.88, 5.2"
"47, 48, 54","A, Y, Q","S, F, T","5.59, 3.88, 10.0"
"47, 48, 99","A, Y, C","S, F, R","5.59, 3.88, 9.5"
"47, 48, 144","A, Y, Q","S, F, H","5.59, 3.88, 11.6"
"47, 48, 177","A, Y, Q","S, F, H","5.59, 3.88, 11.51"
"47, 52, 54","A, A, Q","S, T, T","5.59, 5.2, 10.0"
"47, 52, 99","A, A, C","S, T, R","5.59, 5.2, 9.5"
"47, 52, 144","A, A, Q","S, T, H","5.59, 5.2, 11.6"
"47, 52, 177","A, A, Q","S, T, H","5.59, 5.2, 11.51"
"47, 54, 99","A, Q, C","S, T, R","5.59, 10.0, 9.5"
"47, 54, 144","A, Q, Q","S, T, H","5.59, 10.0, 11.6"
"47, 54, 177","A, Q, Q","S, T, H","5.59, 10.0, 11.51"
"47, 99, 144","A, C, Q","S, R, H","5.59, 9.5, 11.6"
"47, 99, 177","A, C, Q","S, R, H","5.59, 9.5, 11.51"
"47, 144, 177","A, Q, Q","S, H, H","5.59, 11.6, 11.51"
"48, 52, 54","Y, A, Q","F, T, T","3.88, 5.2, 10.0"
"48, 52, 99","Y, A, C","F, T, R","3.88, 5.2, 9.5"
"48, 52, 144","Y, A, Q","F, T, H","3.88, 5.2, 11.6"
"48, 52, 177","Y, A, Q","F, T, H","3.88, 5.2, 11.51"
"48, 54, 99","Y, Q, C","F, T, R","3.88, 10.0, 9.5"
"48, 54, 144","Y, Q, Q","F, T, H","3.88, 10.0, 11.6"
"48, 54, 177","Y, Q, Q","F, T, H","3.88, 10.0, 11.51"
"48, 99, 144","Y, C, Q","F, R, H","3.88, 9.5, 11.6"
"48, 99, 177","Y, C, Q","F, R, H","3.88, 9.5, 11.51"
"48, 144, 177","Y, Q, Q","F, H, H","3.88, 11.6, 11.51"
"52, 54, 99","A, Q, C","T, T, R","5.2, 10.0, 9.5"
"52, 54, 144","A, Q, Q","T, T, H","5.2, 10.0, 11.6"
"52, 54, 177","A, Q, Q","T, T, H","5.2, 10.0, 11.51"
"52, 99, 144","A, C, Q","T, R, H","5.2, 9.5, 11.6"
"52, 99, 177","A, C, Q","T, R, H","5.2, 9.5, 11.51"
"52, 144, 177","A, Q, Q","T, H, H","5.2, 11.6, 11.51"
"54, 99, 144","Q, C, Q","T, R, H","10.0, 9.5, 11.6"
"54, 99, 177","Q, C, Q","T, R, H","10.0, 9.5, 11.51"
"54, 144, 177","Q, Q, Q","T, H, H","10.0, 11.6, 11.51"
"99, 144, 177","C, Q, Q","R, H, H","9.5, 11.6, 11.51"
"47, 48, 52, 54","A, Y, A, Q","S, F, T, T","5.59, 3.88, 5.2, 10.0"
"47, 48, 52, 99","A, Y, A, C","S, F, T, R","5.59, 3.88, 5.2, 9.5"
"47, 48, 52, 144","A, Y, A, Q","S, F, T, H","5.59, 3.88, 5.2, 11.6"
"47, 48, 52, 177","A, Y, A, Q","S, F, T, H","5.59, 3.88, 5.2, 11.51"
"47, 48, 54, 99","A, Y, Q, C","S, F, T, R","5.59, 3.88, 10.0, 9.5"
"47, 48, 54, 144","A, Y, Q, Q","S, F, T, H","5.59, 3.88, 10.0, 11.6"
"47, 48, 54, 177","A, Y, Q, Q","S, F, T, H","5.59, 3.88, 10.0, 11.51"
"47, 48, 99, 144","A, Y, C, Q","S, F, R, H","5.59, 3.88, 9.5, 11.6"
"47, 48, 99, 177","A, Y, C, Q","S, F, R, H","5.59, 3.88, 9.5, 11.51"
"47, 48, 144, 177","A, Y, Q, Q","S, F, H, H","5.59, 3.88, 11.6, 11.51"
"47, 52, 54, 99","A, A, Q, C","S, T, T, R","5.59, 5.2, 10.0, 9.5"
"47, 52, 54, 144","A, A, Q, Q","S, T, T, H","5.59, 5.2, 10.0, 11.6"
"47, 52, 54, 177","A, A, Q, Q","S, T, T, H","5.59, 5.2, 10.0, 11.51"
"47, 52, 99, 144","A, A, C, Q","S, T, R, H","5.59, 5.2, 9.5, 11.6"
"47, 52, 99, 177","A, A, C, Q","S, T, R, H","5.59, 5.2, 9.5, 11.51"
"47, 52, 144, 177","A, A, Q, Q","S, T, H, H","5.59, 5.2, 11.6, 11.51"
"47, 54, 99, 144","A, Q, C, Q","S, T, R, H","5.59, 10.0, 9.5, 11.6"
"47, 54, 99, 177","A, Q, C, Q","S, T, R, H","5.59, 10.0, 9.5, 11.51"
"47, 54, 144, 177","A, Q, Q, Q","S, T, H, H","5.59, 10.0, 11.6, 11.51"
"47, 99, 144, 177","A, C, Q, Q","S, R, H, H","5.59, 9.5, 11.6, 11.51"
"48, 52, 54, 99","Y, A, Q, C","F, T, T, R","3.88, 5.2, 10.0, 9.5"
"48, 52, 54, 144","Y, A, Q, Q","F, T, T, H","3.88, 5.2, 10.0, 11.6"
"48, 52, 54, 177","Y, A, Q, Q","F, T, T, H","3.88, 5.2, 10.0, 11.51"
"48, 52, 99, 144","Y, A, C, Q","F, T, R, H","3.88, 5.2, 9.5, 11.6"
"48, 52, 99, 177","Y, A, C, Q","F, T, R, H","3.88, 5.2, 9.5, 11.51"
"48, 52, 144, 177","Y, A, Q, Q","F, T, H, H","3.88, 5.2, 11.6, 11.51"
"48, 54, 99, 144","Y, Q, C, Q","F, T, R, H","3.88, 10.0, 9.5, 11.6"
"48, 54, 99, 177","Y, Q, C, Q","F, T, R, H","3.88, 10.0, 9.5, 11.51"
"48, 54, 144, 177","Y, Q, Q, Q","F, T, H, H","3.88, 10.0, 11.6, 11.51"
"48, 99, 144, 177","Y, C, Q, Q","F, R, H, H","3.88, 9.5, 11.6, 11.51"
"52, 54, 99, 144","A, Q, C, Q","T, T, R, H","5.2, 10.0, 9.5, 11.6"
"52, 54, 99, 177","A, Q, C, Q","T, T, R, H","5.2, 10.0, 9.5, 11.51"
"52, 54, 144, 177","A, Q, Q, Q","T, T, H, H","5.2, 10.0, 11.6, 11.51"
"52, 99, 144, 177","A, C, Q, Q","T, R, H, H","5.2, 9.5, 11.6, 11.51"
"54, 99, 144, 177","Q, C, Q, Q","T, R, H, H","10.0, 9.5, 11.6, 11.51"
"47, 48, 52, 54, 99","A, Y, A, Q, C","S, F, T, T, R","5.59, 3.88, 5.2, 10.0, 9.5"
"47, 48, 52, 54, 144","A, Y, A, Q, Q","S, F, T, T, H","5.59, 3.88, 5.2, 10.0, 11.6"
"47, 48, 52, 54, 177","A, Y, A, Q, Q","S, F, T, T, H","5.59, 3.88, 5.2, 10.0, 11.51"
"47, 48, 52, 99, 144","A, Y, A, C, Q","S, F, T, R, H","5.59, 3.88, 5.2, 9.5, 11.6"
"47, 48, 52, 99, 177","A, Y, A, C, Q","S, F, T, R, H","5.59, 3.88, 5.2, 9.5, 11.51"
"47, 48, 52, 144, 177","A, Y, A, Q, Q","S, F, T, H, H","5.59, 3.88, 5.2, 11.6, 11.51"
"47, 48, 54, 99, 144","A, Y, Q, C, Q","S, F, T, R, H","5.59, 3.88, 10.0, 9.5, 11.6"
"47, 48, 54, 99, 177","A, Y, Q, C, Q","S, F, T, R, H","5.59, 3.88, 10.0, 9.5, 11.51"
"47, 48, 54, 144, 177","A, Y, Q, Q, Q","S, F, T, H, H","5.59, 3.88, 10.0, 11.6, 11.51"
"47, 48, 99, 144, 177","A, Y, C, Q, Q","S, F, R, H, H","5.59, 3.88, 9.5, 11.6, 11.51"
"47, 52, 54, 99, 144","A, A, Q, C, Q","S, T, T, R, H","5.59, 5.2, 10.0, 9.5, 11.6"
"47, 52, 54, 99, 177","A, A, Q, C, Q","S, T, T, R, H","5.59, 5.2, 10.0, 9.5, 11.51"
"47, 52, 54, 144, 177","A, A, Q, Q, Q","S, T, T, H, H","5.59, 5.2, 10.0, 11.6, 11.51"
"47, 52, 99, 144, 177","A, A, C, Q, Q","S, T, R, H, H","5.59, 5.2, 9.5, 11.6, 11.51"
"47, 54, 99, 144, 177","A, Q, C, Q, Q","S, T, R, H, H","5.59, 10.0, 9.5, 11.6, 11.51"
"48, 52, 54, 99, 144","Y, A, Q, C, Q","F, T, T, R, H","3.88, 5.2, 10.0, 9.5, 11.6"
"48, 52, 54, 99, 177","Y, A, Q, C, Q","F, T, T, R, H","3.88, 5.2, 10.0, 9.5, 11.51"
"48, 52, 54, 144, 177","Y, A, Q, Q, Q","F, T, T, H, H","3.88, 5.2, 10.0, 11.6, 11.51"
"48, 52, 99, 144, 177","Y, A, C, Q, Q","F, T, R, H, H","3.88, 5.2, 9.5, 11.6, 11.51"
"48, 54, 99, 144, 177","Y, Q, C, Q, Q","F, T, R, H, H","3.88, 10.0, 9.5, 11.6, 11.51"
"52, 54, 99, 144, 177","A, Q, C, Q, Q","T, T, R, H, H","5.2, 10.0, 9.5, 11.6, 11.51"
"47, 48, 52, 54, 99, 144","A, Y, A, Q, C, Q","S, F, T, T, R, H","5.59, 3.88, 5.2, 10.0, 9.5, 11.6"
"47, 48, 52, 54, 99, 177","A, Y, A, Q, C, Q","S, F, T, T, R, H","5.59, 3.88, 5.2, 10.0, 9.5, 11.51"
"47, 48, 52, 54, 144, 177","A, Y, A, Q, Q, Q","S, F, T, T, H, H","5.59, 3.88, 5.2, 10.0, 11.6, 11.51"
"47, 48, 52, 99, 144, 177","A, Y, A, C, Q, Q","S, F, T, R, H, H","5.59, 3.88, 5.2, 9.5, 11.6, 11.51"
"47, 48, 54, 99, 144, 177","A, Y, Q, C, Q, Q","S, F, T, R, H, H","5.59, 3.88, 10.0, 9.5, 11.6, 11.51"
"47, 52, 54, 99, 144, 177","A, A, Q, C, Q, Q","S, T, T, R, H, H","5.59, 5.2, 10.0, 9.5, 11.6, 11.51"
"48, 52, 54, 99, 144, 177","Y, A, Q, C, Q, Q","F, T, T, R, H, H","3.88, 5.2, 10.0, 9.5, 11.6, 11.51"
"47, 48, 52, 54, 99, 144, 177","A, Y, A, Q, C, Q, Q","S, F, T, T, R, H, H","5.59, 3.88, 5.2, 10.0, 9.5, 11.6, 11.51"
